UserName,Email
user01,user01@example.com
user01,john.doe@example.com
user02,user02@example.com
user03,user03@example.com
user03,emily.davis@example.com
user04,user04@example.com
user05,user05@example.com
user05,sarah.brown@example.com
user06,user06@example.com
user07,user07@example.com
user08,user08@example.com
user09,user09@example.com
user10,user10@example.com
user11,user11@example.com
user12,user12@example.com
user13,user13@example.com
user13,megan.walker@example.com
user14,user14@example.com
user15,user15@example.com
user16,user16@example.com
user17,user17@example.com
user18,user18@example.com
user19,user19@example.com
user20,user20@example.com
user21,user21@example.com
user22,user22@example.com
user23,user23@example.com
user24,user24@example.com
user25,user25@example.com
user26,user26@example.com
user27,user27@example.com
user28,user28@example.com
user29,user29@example.com
user30,user30@example.com
user31,user31@example.com
user32,user32@example.com
user33,user33@example.com
user34,user34@example.com
user35,user35@example.com
user36,user36@example.com
user37,user37@example.com
user38,user38@example.com
user39,user39@example.com
user40,user40@example.com
user41,user41@example.com
user42,user42@example.com
user43,user43@example.com
user44,user44@example.com
user45,user45@example.com
